[
  {
    "0": "AgACC",
    "1": "Ag000166"
  },
  {
    "0": "Date",
    "1": "11-02-2007"
  },
  {
    "0": "Last updated",
    "1": "14-12-2016"
  },
  {
    "0": "Antigen Name",
    "1": "MUM1"
  },
  {
    "0": "Common Name",
    "1": "MUM-1"
  },
  {
    "0": "Full Name",
    "1": "Melanoma associated antigen (mutated)1"
  },
  {
    "0": "Synonym",
    "1": "CDNA FLJ14868 fis; clone PLACE1002395; weakly similar to Mus musculus; UBE-1c1; UBE-1c2; UBE1c3; CDNAanother display format\n\nCDNA FLJ14868 fis clone PLACE1002395 weakly similar to Mus musculus UBE-1c1 UBE-1c2 UBE1c3 CDNA"
  },
  {
    "0": "UniProt ID",
    "1": "Q2TAK8"
  },
  {
    "0": "NCBI Gene ID",
    "1": "84939"
  },
  {
    "0": "GeneCard ID",
    "1": "GC19P001354"
  },
  {
    "0": "Comment",
    "1": "This is a putative sequence derived from mutated intron (7644523)."
  },
  {
    "0": "Annotation",
    "1": "This is a fragment sequence."
  },
  {
    "0": "Isoforms",
    "1": "Ag000164,  Ag000165Alignment of all Isoforms"
  },
  {
    "0": "Mutation entries",
    "1": "Ag003565,  Ag003566View mutation map"
  },
  {
    "0": "RNA/protein expression profile",
    "1": "RNA and protein Expression profile"
  },
  {
    "0": "T cell epitope",
    "1": "Epitope sequence",
    "2": "Position",
    "3": "HLA allele",
    "4": "Reference"
  },
  {
    "0": "T cell epitope",
    "1": "EEKLIVVLF",
    "2": "1-9",
    "3": "B*4402",
    "4": "7644523"
  },
  {
    "0": "Predicted HLA binders",
    "1": "Allele: HLA-A*01:01\nHLA-A*02:01\nHLA-A*03:01\nHLA-A*11:01\nHLA-A*24:02\nHLA-B*07:02\nHLA-B*08:01\nHLA-B*15:01\nDRB1*01:01\nDRB1*03:01\nDRB1*04:01\nDRB1*07:01\nDRB1*11:01\nDRB1*13:01\nDRB1*15:01\n predictions\nPeptide length: 8 (for class I prediction)\n9\n10\n11\n12 (for class II prediction)\n13 (for class II prediction)\n14 (for class II prediction)\n15 (for class II prediction)"
  },
  {
    "0": "Antigen sequence",
    "1": "EEKLIVVLF"
  }
]