[
  {
    "0": "AgACC",
    "1": "Ag000490"
  },
  {
    "0": "Date",
    "1": "01-22-2008"
  },
  {
    "0": "Last updated",
    "1": "14-12-2016"
  },
  {
    "0": "Antigen Name",
    "1": "TOR3A"
  },
  {
    "0": "Common Name",
    "1": "ATP-dependent interferon-responsive (ADIR)"
  },
  {
    "0": "Full Name",
    "1": "Torsin family 3, member A"
  },
  {
    "0": "Synonym",
    "1": "ADIR; ADIR2; FLJ22345; MGC111104; TORP2; ATP-dependant interferon response protein 1; ATP-dependant interferon responsive; ATP-dependent interferon-responsive protein; Torsin family 3 member A; Torsin-3A precursor; torsin family 3, member Aanother display format\n\nADIR ADIR2 FLJ22345 MGC111104 TORP2 ATP-dependant interferon response protein 1 ATP-dependant interferon responsive ATP-dependent interferon-responsive protein Torsin family 3 member A Torsin-3A precursor torsin family 3, member A"
  },
  {
    "0": "UniProt ID",
    "1": "Q9H497"
  },
  {
    "0": "NCBI Gene ID",
    "1": "64222"
  },
  {
    "0": "GeneCard ID",
    "1": "GC01P179050"
  },
  {
    "0": "Comment",
    "1": "This sequence is encoded from alternative ORF (17234742)."
  },
  {
    "0": "Annotation",
    "1": "This is a fragment sequence."
  },
  {
    "0": "Isoforms",
    "1": "Ag000487,  Ag000488,  Ag000489Alignment of all Isoforms"
  },
  {
    "0": "Mutation entries",
    "1": "Ag000490,  Ag004130View mutation map"
  },
  {
    "0": "RNA/protein expression profile",
    "1": "RNA and protein Expression profile"
  },
  {
    "0": "T cell epitope",
    "1": "Epitope sequence",
    "2": "Position",
    "3": "HLA allele",
    "4": "Reference"
  },
  {
    "0": "T cell epitope",
    "1": "SVAPALALFPA",
    "2": "13-23",
    "3": "A*0201",
    "4": "17234742"
  },
  {
    "0": "Predicted HLA binders",
    "1": "Allele: HLA-A*01:01\nHLA-A*02:01\nHLA-A*03:01\nHLA-A*11:01\nHLA-A*24:02\nHLA-B*07:02\nHLA-B*08:01\nHLA-B*15:01\nDRB1*01:01\nDRB1*03:01\nDRB1*04:01\nDRB1*07:01\nDRB1*11:01\nDRB1*13:01\nDRB1*15:01\n predictions\nPeptide length: 8 (for class I prediction)\n9\n10\n11\n12 (for class II prediction)\n13 (for class II prediction)\n14 (for class II prediction)\n15 (for class II prediction)"
  },
  {
    "0": "Reference sequence",
    "1": "MVPQLGAGHASRSVAPALALSPAAAPGRA"
  },
  {
    "0": "Antigen sequence",
    "1": "MVPQLGAGHASRSVAPALALFPAAAPGRA"
  }
]