[
  {
    "0": "AgACC",
    "1": "Ag000234"
  },
  {
    "0": "Date",
    "1": "11-02-2007"
  },
  {
    "0": "Last updated",
    "1": "10-10-2019"
  },
  {
    "0": "Antigen Name",
    "1": "CASP5"
  },
  {
    "0": "Common Name",
    "1": "Caspase-5"
  },
  {
    "0": "Full Name",
    "1": "Caspase 5"
  },
  {
    "0": "Synonym",
    "1": "Caspase-5 precursor; H.sapiens mRNA for TY protease; ICH-3 protease; TY protease; caspase 5, apoptosis-related cysteine peptidase; CASP-5; EC 3.4.22.-; ICE; ICE(rel)III; ICEREL-III; ICErel-III; ICH-3 2; ICH3; MGC141966; relIIIanother display format\n\nCaspase-5 precursor H.sapiens mRNA for TY protease ICH-3 protease TY protease caspase 5, apoptosis-related cysteine peptidase CASP-5 EC 3.4.22.- ICE ICE(rel)III ICEREL-III ICErel-III ICH-3 2 ICH3 MGC141966 relIII"
  },
  {
    "0": "UniProt ID",
    "1": "P51878"
  },
  {
    "0": "NCBI Gene ID",
    "1": "838"
  },
  {
    "0": "GeneCard ID",
    "1": "GC11M104995"
  },
  {
    "0": "Comment",
    "1": "This sequence is encoded by alternative ORF."
  },
  {
    "0": "Annotation",
    "1": "This is a fragment sequence."
  },
  {
    "0": "Mutation entries",
    "1": "Ag000231,  Ag000232,  Ag000233View mutation map"
  },
  {
    "0": "RNA/protein expression profile",
    "1": "RNA and protein Expression profile"
  },
  {
    "0": "T cell epitope",
    "1": "Epitope sequence",
    "2": "Position",
    "3": "HLA allele",
    "4": "Reference"
  },
  {
    "0": "T cell epitope",
    "1": "FLIIWQNTM",
    "2": "1-9",
    "3": "A*0201",
    "4": "15563124"
  },
  {
    "0": "Predicted HLA binders",
    "1": "Allele: HLA-A*01:01\nHLA-A*02:01\nHLA-A*03:01\nHLA-A*11:01\nHLA-A*24:02\nHLA-B*07:02\nHLA-B*08:01\nHLA-B*15:01\nDRB1*01:01\nDRB1*03:01\nDRB1*04:01\nDRB1*07:01\nDRB1*11:01\nDRB1*13:01\nDRB1*15:01\n predictions\nPeptide length: 8 (for class I prediction)\n9\n10\n11\n12 (for class II prediction)\n13 (for class II prediction)\n14 (for class II prediction)\n15 (for class II prediction)"
  },
  {
    "0": "Antigen sequence",
    "1": "FLIIWQNTM"
  }
]